{
  "norm_stats": {
    "action.arm.position": {
      "mean": [
        0.4270085394382477,
        -0.014886214397847652,
        0.177605539560318,
        -0.6108593940734863,
        -0.017378637567162514,
        -0.753589928150177,
        -0.05557611584663391,
        0.9855132102966309,
        0.024359967559576035
      ],
      "std": [
        0.07094060629606247,
        0.1288546919822693,
        0.06393653154373169,
        0.16864030063152313,
        0.10248688608407974,
        0.14038382470607758,
        0.15008015930652618,
        0.025963984429836273,
        0.04340008273720741
      ],
      "q01": [
        0.2591667175292969,
        -0.23155461251735687,
        0.04450846090912819,
        -0.9100335240364075,
        -0.33108919858932495,
        -0.9893438220024109,
        -0.47699251770973206,
        0.8775532245635986,
        -0.06178718060255051
      ],
      "q99": [
        0.5598174333572388,
        0.17690977454185486,
        0.29393425583839417,
        -0.14558106660842896,
        0.16193681955337524,
        -0.4062808156013489,
        0.16215580701828003,
        0.9998654127120972,
        0.1534549593925476
      ],
      "q02": [
        0.2737937569618225,
        -0.22332681715488434,
        0.049580302089452744,
        -0.8998826146125793,
        -0.2996022701263428,
        -0.9764612913131714,
        -0.44541826844215393,
        0.8950744271278381,
        -0.05273357033729553
      ],
      "q98": [
        0.548883318901062,
        0.17270445823669434,
        0.2834886908531189,
        -0.21829819679260254,
        0.1420220136642456,
        -0.4276658296585083,
        0.14269012212753296,
        0.9998317956924438,
        0.12855756282806396
      ],
      "min": [
        0.21753036975860596,
        -0.2658371031284332,
        0.0399196557700634,
        -0.9307043552398682,
        -0.45609498023986816,
        -0.999778687953949,
        -0.550410270690918,
        0.8318501114845276,
        -0.14378070831298828
      ],
      "max": [
        0.579585611820221,
        0.19126269221305847,
        0.3418148159980774,
        -0.007898473180830479,
        0.21670261025428772,
        -0.3556525409221649,
        0.21595467627048492,
        0.9999999403953552,
        0.22128397226333618
      ]
    },
    "action.effector.position": {
      "mean": [
        0.8047558069229126
      ],
      "std": [
        0.21568825840950012
      ],
      "q01": [
        0.5152809619903564
      ],
      "q99": [
        0.9993135929107666
      ],
      "q02": [
        0.5166034698486328
      ],
      "q98": [
        0.9993135929107666
      ],
      "min": [
        0.2666522264480591
      ],
      "max": [
        1.0013707876205444
      ]
    },
    "observation.state.arm.position": {
      "mean": [
        0.4269227981567383,
        -0.014834756031632423,
        0.17767417430877686,
        -0.6106046438217163,
        -0.017419759184122086,
        -0.7537086606025696,
        -0.05560946464538574,
        0.9855148792266846,
        0.02432773821055889
      ],
      "std": [
        0.07105676829814911,
        0.12885677814483643,
        0.06398813426494598,
        0.16894610226154327,
        0.10246628522872925,
        0.14049842953681946,
        0.15006482601165771,
        0.025975460186600685,
        0.04338689520955086
      ],
      "q01": [
        0.2590942978858948,
        -0.23155461251735687,
        0.04450846090912819,
        -0.9100335240364075,
        -0.3309546411037445,
        -0.9893438220024109,
        -0.47699251770973206,
        0.8775532245635986,
        -0.06178718060255051
      ],
      "q99": [
        0.5598174333572388,
        0.17690977454185486,
        0.29399463534355164,
        -0.14465826749801636,
        0.16193681955337524,
        -0.4062808156013489,
        0.16215580701828003,
        0.9998654127120972,
        0.1534549593925476
      ],
      "q02": [
        0.2732868790626526,
        -0.22332681715488434,
        0.049580302089452744,
        -0.8998826146125793,
        -0.2997368276119232,
        -0.9765901565551758,
        -0.4451117515563965,
        0.8950744271278381,
        -0.05273357033729553
      ],
      "q98": [
        0.548883318901062,
        0.17270445823669434,
        0.28360944986343384,
        -0.21719080209732056,
        0.1420220136642456,
        -0.4276658296585083,
        0.14269012212753296,
        0.9998317956924438,
        0.12841153144836426
      ],
      "min": [
        0.21753036975860596,
        -0.2658371031284332,
        0.0399196557700634,
        -0.9307043552398682,
        -0.45609498023986816,
        -0.999778687953949,
        -0.550410270690918,
        0.8318501114845276,
        -0.14378070831298828
      ],
      "max": [
        0.579585611820221,
        0.19126269221305847,
        0.3418148159980774,
        -0.007898473180830479,
        0.21670261025428772,
        -0.3556525409221649,
        0.21595467627048492,
        0.9999999403953552,
        0.22128397226333618
      ]
    },
    "observation.state.effector.position": {
      "mean": [
        0.804765522480011
      ],
      "std": [
        0.2156907469034195
      ],
      "q01": [
        0.5152809619903564
      ],
      "q99": [
        0.9993135929107666
      ],
      "q02": [
        0.5166034698486328
      ],
      "q98": [
        0.9993135929107666
      ],
      "min": [
        0.2666522264480591
      ],
      "max": [
        1.0013707876205444
      ]
    }
  },
  "count": 33628
}